{
  "feature_names": [
    "flex1",
    "flex2",
    "flex3",
    "flex4",
    "flex5",
    "accelX",
    "accelY",
    "accelZ",
    "gyroX",
    "gyroY",
    "gyroZ",
    "roll",
    "pitch",
    "yaw"
  ],
  "min": [
    0.0,
    0.0,
    0.0,
    0.0,
    0.0,
    -14.630000114440918,
    -2.2300000190734863,
    -3.059999942779541,
    -2.950000047683716,
    -3.609999895095825,
    -5.789999961853027,
    -96.5999984741211,
    -51.400001525878906,
    0.0
  ],
  "max": [
    4095.0,
    4095.0,
    4095.0,
    4095.0,
    4095.0,
    17.889999389648438,
    10.90999984741211,
    15.850000381469727,
    4.130000114440918,
    4.099999904632568,
    4.659999847412109,
    0.0,
    54.400001525878906,
    359.8999938964844
  ]
}